{
  "meta": {
    "source": "..\\data\\competitive_data_with_didi.csv",
    "generated_at": "2026-03-23T22:06:09.781842+00:00",
    "addresses": 25,
    "zones": 25,
    "cities": [
      "Ciudad de Mexico",
      "Guadalajara",
      "Monterrey"
    ]
  },
  "platforms": {
    "didifood": {
      "label": "DiDi Food",
      "records_total": 24,
      "records_success": 22,
      "coverage_pct": 91.66666666666666,
      "zones": 22,
      "cities": 3,
      "eta_avg": 30.636363636363637,
      "eta_p90": 48.7,
      "rating_avg": 4.059090909090909,
      "promo_hook_avg": 46.77272727272727,
      "promo_hook_p75": 54.75,
      "promo_presence_pct": 100.0,
      "bm_price_avg": 103.68181818181819,
      "bm_discount_pct_avg": 43.02272727272727,
      "bm_discount_presence_pct": 100.0,
      "delivery_fee_avg": 16.90909090909091,
      "service_fee_avg": 15.886363636363637,
      "service_fee_model_avg": 18.15636363636364,
      "subtotal_avg": 226.95454545454547,
      "total_avg": 259.74999999999994,
      "hdq_price_avg": 69.27272727272727,
      "hdq_price_orig_avg": 69.27272727272727,
      "hdq_discount_pct_avg": 0.0,
      "cc_price_avg": 54.0,
      "cc_price_orig_avg": 54.0,
      "cc_discount_pct_avg": 0.0,
      "wealthy_total_avg": 254.87499999999997,
      "non_wealthy_total_avg": 265.6,
      "wealthy_eta_avg": 27.583333333333332,
      "non_wealthy_eta_avg": 34.3,
      "wealthy_delivery_fee_avg": 14.75,
      "non_wealthy_delivery_fee_avg": 19.5
    },
    "rappi": {
      "label": "Rappi",
      "records_total": 25,
      "records_success": 24,
      "coverage_pct": 96.0,
      "zones": 24,
      "cities": 3,
      "eta_avg": 15.875,
      "eta_p90": 25.0,
      "rating_avg": 3.7826086956521747,
      "promo_hook_avg": 48.833333333333336,
      "promo_hook_p75": 50.0,
      "promo_presence_pct": 100.0,
      "bm_price_avg": 119.33333333333333,
      "bm_discount_pct_avg": 26.25,
      "bm_discount_presence_pct": 75.0,
      "delivery_fee_avg": 15.0,
      "service_fee_avg": 25.1125,
      "service_fee_model_avg": 25.1125,
      "subtotal_avg": 251.125,
      "total_avg": 291.2375,
      "hdq_price_avg": 146.6315789473684,
      "hdq_price_orig_avg": 146.6315789473684,
      "hdq_discount_pct_avg": 0.0,
      "cc_price_avg": 57.526315789473685,
      "cc_price_orig_avg": 57.526315789473685,
      "cc_discount_pct_avg": 0.0,
      "wealthy_total_avg": 264.0714285714285,
      "non_wealthy_total_avg": 329.2699999999999,
      "wealthy_eta_avg": 15.285714285714286,
      "non_wealthy_eta_avg": 16.7,
      "wealthy_delivery_fee_avg": 15.0,
      "non_wealthy_delivery_fee_avg": 15.0
    },
    "ubereats": {
      "label": "Uber Eats",
      "records_total": 25,
      "records_success": 23,
      "coverage_pct": 92.0,
      "zones": 23,
      "cities": 3,
      "eta_avg": 15.826086956521738,
      "eta_p90": 23.200000000000003,
      "rating_avg": 4.491304347826087,
      "promo_hook_avg": 45.73913043478261,
      "promo_hook_p75": 48.0,
      "promo_presence_pct": 100.0,
      "bm_price_avg": 99.0,
      "bm_discount_pct_avg": 29.97826086956522,
      "bm_discount_presence_pct": 65.21739130434783,
      "delivery_fee_avg": 15.0,
      "service_fee_avg": 29.32826086956522,
      "service_fee_model_avg": 29.328260869565216,
      "subtotal_avg": 195.52173913043478,
      "total_avg": 239.85,
      "hdq_price_avg": 99.61904761904762,
      "hdq_price_orig_avg": 145.85714285714286,
      "hdq_discount_pct_avg": 23.286956521739132,
      "cc_price_avg": 57.5,
      "cc_price_orig_avg": 57.5,
      "cc_discount_pct_avg": 0.0,
      "wealthy_total_avg": 241.19615384615378,
      "non_wealthy_total_avg": 238.1,
      "wealthy_eta_avg": 11.846153846153847,
      "non_wealthy_eta_avg": 21.0,
      "wealthy_delivery_fee_avg": 15.0,
      "non_wealthy_delivery_fee_avg": 15.0
    }
  },
  "availability": {
    "didifood": {
      "label": "DiDi Food",
      "statuses": {
        "success": 22,
        "true": 2
      },
      "restaurant_unavailable": 2,
      "addresses_missing": [
        "MX_GDL_07",
        "MX_MTY_02"
      ]
    },
    "rappi": {
      "label": "Rappi",
      "statuses": {
        "partial": 1,
        "success": 24
      },
      "restaurant_unavailable": 0,
      "addresses_missing": []
    },
    "ubereats": {
      "label": "Uber Eats",
      "statuses": {
        "partial_no_store": 2,
        "success": 23
      },
      "restaurant_unavailable": 2,
      "addresses_missing": [
        "MX_MTY_03",
        "MX_MTY_08"
      ]
    }
  },
  "charts": [
    "chart_eta_by_zone.png",
    "chart_rating_by_city.png",
    "chart_promo_hook_by_zone.png",
    "chart_promo_distribution.png",
    "chart_bigmac_price_positioning.png",
    "chart_service_fee_by_zone.png",
    "chart_total_price_by_zone.png",
    "chart_eta_vs_promo_scatter.png",
    "chart_eta_heatmap.png",
    "chart_price_heatmap.png",
    "chart_delivery_fee_comparison.png",
    "chart_wealthy_vs_nonwealthy.png",
    "chart_three_products_comparison.png",
    "chart_total_cost_breakdown.png"
  ]
}